loss,mape,val_loss,val_mape
0.003823942271992564,403924.84375,0.0013703280128538609,178409.28125
0.001493169111199677,161806.71875,0.0012727407738566399,136604.5
