loss,mape,val_loss,val_mape
0.03677696734666824,569166.8125,0.01580829545855522,201773.9375
0.013126262463629246,298785.09375,0.01103344839066267,174388.5
