loss,val_loss
0.048511430621147156,0.023509042337536812
0.020181693136692047,0.012364918366074562
