loss,val_loss
0.047101058065891266,0.020514007657766342
0.019603131338953972,0.00975524540990591
