loss,mape,val_loss,val_mape
0.04561944678425789,662220.375,0.032043445855379105,182692.078125
0.0249506663531065,405725.71875,0.02365831844508648,201139.984375
