loss,mape,val_loss,val_mape
0.07649467885494232,573278.6875,0.0671708956360817,354756.0
0.0642651915550232,706027.0,0.046206433326005936,394475.75
