loss,mape,val_loss,val_mape
0.07695934176445007,565905.0625,0.06374641507863998,668.2894287109375
0.06503299623727798,615118.0,0.045942239463329315,440.1716003417969
