loss,mape,val_loss,val_mape
0.0764484852552414,555681.0,0.06611554324626923,716005.9375
0.06388131529092789,751024.9375,0.0662173479795456,225651.25
