loss,mape,val_loss,val_mape
0.0773419588804245,269674.90625,0.07989884167909622,761.756103515625
0.06928325444459915,282845.9375,0.07509447634220123,740.5765380859375
