loss,mape,val_loss,val_mape
0.07149522751569748,114041.9140625,0.1758502870798111,657.3388061523438
0.06263580173254013,166402.09375,0.12052246928215027,91.55803680419922
