loss,mape,val_loss,val_mape
0.0010907823452726007,151535.921875,0.0009846362518146634,144259.3125
0.0010803552577272058,144584.59375,0.0009837793186306953,135526.796875
