loss,mape,val_loss,val_mape
0.07922639697790146,214383.5625,0.05780474841594696,437.51531982421875
0.0674164742231369,281987.15625,0.08612710982561111,200.32449340820312
