Horizon,MAE,RMSE
1,0.19448145,0.28278676
2,0.20393795,0.30396113
3,0.21439412,0.32744247
4,0.22519828,0.35024917
