Horizon,MAE,RMSE
1,0.083975874,0.1609477
2,0.08154235,0.16282533
3,0.080424495,0.16660212
4,0.08598662,0.17450844
