Horizon,MAE,RMSE
1,0.23364554,0.35614416
2,0.24590045,0.37719664
3,0.25266543,0.3909451
4,0.2572558,0.40051043
5,0.2637076,0.4144527
6,0.26833734,0.42379102
7,0.27168474,0.43065816
8,0.27235562,0.43208876
9,0.2730712,0.43137813
10,0.27403757,0.42915875
11,0.27343783,0.4236579
12,0.27254912,0.42042565
