loss,mape,val_loss,val_mape
0.05121362581849098,253607.171875,0.026779556646943092,510906.5625
0.026476191356778145,140810.03125,0.02234523929655552,560507.125
