loss,mape,val_loss,val_mape
0.051637064665555954,261972.40625,0.03175453096628189,780933.4375
0.025836758315563202,133134.5,0.025839852169156075,538699.625
