loss,mape,val_loss,val_mape
0.005754208657890558,596822.5,0.002436490496620536,512576.5
0.0019392685499042273,334531.9375,0.0015071418602019548,267904.21875
