loss,mape,val_loss,val_mape
0.03900761529803276,250622.640625,0.014879561960697174,208489.640625
0.013753920793533325,119494.71875,0.01114416029304266,222595.859375
